test,shell,z_min,z_max,cells,score_null_mean,score_after_frozen_mean,p_mock,kernel_effective_rank,distinct_crossing_SN_rows,p_max_over_shells
P_crossfit,0,0.0,0.01,156,0.35065573884258266,1.7323693757718055,0.28385807096451776,9.14765771120261,1565,0.5102448775612194
P_crossfit,1,0.01,0.03,1479,0.8158306268730048,1.4643908927380445,0.16941529235382308,37.83783670303591,1565,0.3278360819590205
P_crossfit,2,0.03,0.05,1367,0.34218054118641955,0.88325983898095,0.3233383308345827,50.014752979751485,1204,0.512743628185907
P_crossfit,3,0.05,0.1,929,0.07736284552368129,0.5700940114377039,0.4062968515742129,47.94791267656678,1031,0.6271864067966016
DES_transfer,0,0.0,0.01,156,-0.7891343348545182,-0.35111102885007506,0.7931034482758621,2.2758268850049483,1467,0.9190404797601199
DES_transfer,1,0.01,0.03,1479,-0.4021497858494742,0.038075055159868164,0.5642178910544727,3.3875149317505238,1467,0.7416291854072964
DES_transfer,2,0.03,0.05,1367,-0.4122758445751179,0.1023006279273971,0.5897051474262869,8.053782277671084,1467,0.7466266866566716
DES_transfer,3,0.05,0.1,929,0.07349218402732241,0.4616261413846059,0.3888055972013993,10.998793168089263,1467,0.5307346326836582
P_leave_sky_0,0,0.0,0.01,156,-0.17645913552244502,-0.0791243234256152,0.4452773613193403,3.4504452940508195,639,0.7286356821589205
P_leave_sky_0,1,0.01,0.03,1479,-0.5596236008232012,-0.4101634909695945,0.696151924037981,12.578360614826089,639,0.8940529735132434
P_leave_sky_0,2,0.03,0.05,1367,-1.054380834371955,-0.8955261015983232,0.9055472263868066,21.74236921343078,542,0.9955022488755623
P_leave_sky_0,3,0.05,0.1,929,-0.5139544554232836,-0.37533348973370184,0.7001499250374813,22.40764796322072,494,0.8765617191404298
P_leave_sky_1,0,0.0,0.01,156,-0.8979570076370804,-0.7344247755185032,0.9325337331334332,3.751276526803026,279,0.9875062468765617
P_leave_sky_1,1,0.01,0.03,1479,-1.4554391098483455,-1.3656486577710651,0.999000499750125,12.485822032650672,279,1.0
P_leave_sky_1,2,0.03,0.05,1367,-1.3091229388783547,-1.2452924668109753,0.992503748125937,9.291858510260063,188,1.0
P_leave_sky_1,3,0.05,0.1,929,-1.1590434288643485,-1.0999157373228012,0.9630184907546226,9.051718738009276,150,1.0
P_leave_sky_2,0,0.0,0.01,156,0.6102199872228854,-0.2693119695126869,0.1984007996001999,6.416381708569955,286,0.37181409295352325
P_leave_sky_2,1,0.01,0.03,1479,0.9076461111780322,0.18694168828625596,0.1469265367316342,21.57422178136537,286,0.2818590704647676
P_leave_sky_2,2,0.03,0.05,1367,1.0043652089422925,0.40320875853659227,0.13143428285857073,19.281800130928925,197,0.2563718140929535
P_leave_sky_2,3,0.05,0.1,929,0.4116681238239943,-0.12000488151118156,0.28085957021489255,14.017941130926111,136,0.45327336331834084
P_leave_sky_3,0,0.0,0.01,156,2.0068153989803488,0.9786153350665263,0.04397801099450275,7.161843143873221,361,0.10944527736131934
P_leave_sky_3,1,0.01,0.03,1479,0.6786684928558179,0.2670983141795862,0.19640179910044978,13.518409903878132,361,0.4052973513243378
P_leave_sky_3,2,0.03,0.05,1367,0.5696719827147593,0.3305533047175113,0.25087456271864067,20.25776051677785,277,0.44677661169415295
P_leave_sky_3,3,0.05,0.1,929,-0.3600134671186871,-0.5258509491893633,0.6061969015492253,25.48682262772516,251,0.8330834582708646
P_leave_survey_1,0,0.0,0.01,156,1.1578178951721865,0.8674303714732408,0.1199400299850075,3.3973034353280593,321,0.25737131434282856
P_leave_survey_1,1,0.01,0.03,1479,1.1595766282906212,1.0402066551412152,0.12293853073463268,15.140056999801205,321,0.25687156421789104
P_leave_survey_1,2,0.03,0.05,1367,0.5076544240027474,0.4294885844500782,0.27786106946526734,32.21109636755458,321,0.47226386806596704
P_leave_survey_1,3,0.05,0.1,929,1.1762360209826983,1.120074761078003,0.12143928035982009,50.74189117699312,321,0.25087456271864067
P_leave_survey_4,0,0.0,0.01,156,-1.1178144375517192,-1.127595803985802,0.9735132433783108,3.0298969164295864,160,0.9845077461269365
P_leave_survey_4,1,0.01,0.03,1479,-1.1316466337930866,-1.1454446266654317,0.9740129935032483,3.1643844224522004,160,0.9865067466266867
P_leave_survey_4,2,0.03,0.05,1367,-1.1949522436382716,-1.2069818500304996,0.9920039980009995,3.573148853998045,160,0.999000499750125
P_leave_survey_4,3,0.05,0.1,929,-1.3081316759800583,-1.3317328347016582,0.9980009995002499,4.4559746667850035,160,1.0
P_leave_survey_5,0,0.0,0.01,156,-0.635407662453069,-1.1679128193215815,0.7171414292853573,9.152821399216606,76,0.9270364817591205
P_leave_survey_5,1,0.01,0.03,1479,-0.023194926964299513,-0.5302385891141651,0.4662668665667166,35.30405173777228,76,0.7156421789105447
P_leave_survey_5,2,0.03,0.05,1367,-0.4956550729119235,-0.691049478163427,0.6611694152923538,21.574554828541512,34,0.8895552223888056
P_leave_survey_5,3,0.05,0.1,929,0.6397890778878358,0.23109108705106285,0.22938530734632684,9.919640078405527,12,0.43428285857071464
P_leave_survey_10,0,0.0,0.01,156,-0.9754270171766343,-0.9850137581240151,0.9740129935032483,2.1889218153313683,203,0.9885057471264368
P_leave_survey_10,1,0.01,0.03,1479,-1.043407534429532,-1.0051824858944027,0.9415292353823088,3.395204208251652,203,1.0
P_leave_survey_10,2,0.03,0.05,1367,-1.158595923711263,-1.0665947387166983,0.9510244877561219,6.617217489903431,203,1.0
P_leave_survey_10,3,0.05,0.1,929,-0.847090829771409,-0.78571097969219,0.8115942028985508,9.478045979257166,203,0.9425287356321839
P_leave_survey_15,0,0.0,0.01,156,0.2820801955716656,0.8537693183801778,0.3118440779610195,5.604914630691457,269,0.4522738630684658
P_leave_survey_15,1,0.01,0.03,1479,0.5767177092712085,1.1190721784240307,0.24087956021989004,9.367902563507641,269,0.34832583708145926
P_leave_survey_15,2,0.03,0.05,1367,0.14980098578941817,0.6232782720262187,0.38130934532733635,13.987735092435127,268,0.5062468765617192
P_leave_survey_15,3,0.05,0.1,929,-0.18562484065045762,0.3013195585275831,0.5252373813093453,19.052414899367594,266,0.656671664167916
P_leave_survey_18,0,0.0,0.01,156,-1.0579838210747257,-0.8267917848496901,0.9180409795102449,5.087907040082761,11,1.0
P_leave_survey_18,1,0.01,0.03,1479,-0.7668584939918603,-0.5359091639839634,0.7721139430284858,7.750418615574108,11,0.9185407296351824
P_leave_survey_18,2,0.03,0.05,1367,-0.3957669112811473,-0.30972071426601594,0.5472263868065967,2.3147360654718105,1,0.7651174412793603
P_leave_survey_18,3,0.05,0.1,929,-0.38286606199846585,-0.2863679528013044,0.5407296351824088,2.288086752128843,0,0.7566216891554223
P_leave_survey_50,0,0.0,0.01,156,0.13309356777248557,0.7842279774350291,0.36281859070464767,6.929082503162737,28,0.5067466266866567
P_leave_survey_50,1,0.01,0.03,1479,-0.1679492177375398,0.045943168820835704,0.47726136931534235,8.664169966246327,28,0.6416791604197901
P_leave_survey_50,2,0.03,0.05,1367,-0.09039572887171954,0.010121383976064742,0.42028985507246375,4.401570201643904,12,0.6106946526736632
P_leave_survey_50,3,0.05,0.1,929,-0.00015136631232324612,0.06354908407239024,0.33233383308345826,1.6435497083867867,4,0.5667166416791605
P_leave_survey_51,0,0.0,0.01,156,-0.33662068087445624,-0.6892469356914119,0.5462268865567217,7.863609083193325,38,0.8125937031484258
P_leave_survey_51,1,0.01,0.03,1479,-0.6330443651443602,-0.7822643488764317,0.7061469265367316,19.318164835083927,38,0.9105447276361819
P_leave_survey_51,2,0.03,0.05,1367,0.10549405020247456,0.07983044788560738,0.3798100949525237,7.987135596809657,15,0.6256871564217891
P_leave_survey_51,3,0.05,0.1,929,0.43505758868521743,0.5809955005448809,0.25737131434282856,3.7677964597554183,4,0.4862568715642179
P_leave_survey_56,0,0.0,0.01,156,0.08862584834184155,-0.39897239384245287,0.36931534232883556,7.81568063823223,36,0.6086956521739131
P_leave_survey_56,1,0.01,0.03,1479,-0.3024189044494982,-0.5406328545479628,0.5782108945527237,23.630890334766125,36,0.7871064467766117
P_leave_survey_56,2,0.03,0.05,1367,1.0250974128279036,0.8864827731092493,0.12243878060969515,2.415570201310474,3,0.25537231384307846
P_leave_survey_56,3,0.05,0.1,929,0.9738751116381428,0.8658464523016655,0.12493753123438281,2.317586465103581,1,0.2688655672163918
P_leave_survey_57,0,0.0,0.01,156,-1.3350396947913146,-1.562866210181342,0.9735132433783108,9.973267194989267,88,1.0
P_leave_survey_57,1,0.01,0.03,1479,-1.9895427707815283,-1.9852478082841054,0.9960019990004998,41.35033943855303,88,1.0
P_leave_survey_57,2,0.03,0.05,1367,-0.9378417739933657,-1.059830471743525,0.8325837081459271,13.109533985341269,18,0.9945027486256871
P_leave_survey_57,3,0.05,0.1,929,-0.9541386340664292,-0.7519564861666727,0.9740129935032483,2.2928671229717175,1,0.9965017491254373
P_leave_survey_61,0,0.0,0.01,156,-0.3129545614703446,0.15025873347060295,0.5172413793103449,2.7945695984586343,8,0.703648175912044
P_leave_survey_61,1,0.01,0.03,1479,-0.23526902564270027,0.29781175253345,0.49025487256371814,3.505257738849823,8,0.6621689155422289
P_leave_survey_61,2,0.03,0.05,1367,0.34366827369518305,0.9151905601926188,0.22288855572213892,1.3098702063820997,3,0.40229885057471265
P_leave_survey_61,3,0.05,0.1,929,-0.2461042701854776,0.11440466939615122,0.43478260869565216,1.2850783475600884,0,0.6661669165417291
P_leave_survey_62,0,0.0,0.01,156,-0.048564486619153704,-0.27686916061711203,0.42628685657171417,6.551016347066398,20,0.6426786606696652
P_leave_survey_62,1,0.01,0.03,1479,0.9037937042760388,0.7173138312913278,0.16241879060469766,11.252918047728306,20,0.2928535732133933
P_leave_survey_62,2,0.03,0.05,1367,-0.6934793477745201,-0.7688007097869167,0.7916041979010495,1.8336180307862666,3,0.92103948025987
P_leave_survey_62,3,0.05,0.1,929,-0.6717906040522424,-0.7525028477643274,0.768615692153923,1.7910823926763755,1,0.9160419790104948
P_leave_survey_63,0,0.0,0.01,156,-0.21680497320906378,-0.6370232028685359,0.5132433783108445,7.180822889338122,29,0.8025987006496752
P_leave_survey_63,1,0.01,0.03,1479,-0.014229149522503245,-0.3903951253358543,0.4657671164417791,16.296031239422256,29,0.7221389305347327
P_leave_survey_63,2,0.03,0.05,1367,-1.0709455175392006,-1.0579527814016978,0.8985507246376812,6.992630014603393,12,0.9955022488755623
P_leave_survey_63,3,0.05,0.1,929,-0.7982156795509996,-0.9669422919443522,0.8320839580209896,3.1332051377756085,2,0.9665167416291854
P_leave_survey_64,0,0.0,0.01,156,-0.11182089284259247,-0.7100603540286933,0.4587706146926537,9.104995112931302,53,0.777111444277861
P_leave_survey_64,1,0.01,0.03,1479,0.2530406521438747,-0.11195824663638583,0.3638180909545227,32.435032447640985,53,0.6256871564217891
P_leave_survey_64,2,0.03,0.05,1367,-0.22669573923153627,-0.5176035986694968,0.5547226386806596,18.17454971977098,24,0.8170914542728636
P_leave_survey_64,3,0.05,0.1,929,-0.6058385515563978,-0.5981162662563497,0.6976511744127936,5.768710801729763,6,0.9325337331334332
P_leave_survey_65,0,0.0,0.01,156,-0.9486718973788971,-0.9242274452430902,0.8760619690154923,7.611630600239819,36,0.9825087456271864
P_leave_survey_65,1,0.01,0.03,1479,-0.6631990323345888,-0.4478214534286818,0.7206396801599201,19.14644179708652,36,0.9250374812593704
P_leave_survey_65,2,0.03,0.05,1367,-0.3123949638391143,-0.13521232253409526,0.5732133933033483,11.835473752278102,18,0.8075962018990505
P_leave_survey_65,3,0.05,0.1,929,-0.23712463227601463,-0.3605671942753439,0.47276361819090457,2.9761528216638786,3,0.7736131934032984
P_leave_survey_66,0,0.0,0.01,156,3.7827407342267305,4.315280991601595,0.006496751624187906,4.665953718825993,11,0.019490254872563718
P_leave_survey_66,1,0.01,0.03,1479,2.8631453736739574,3.3157673860093384,0.019490254872563718,5.604132419667394,11,0.04997501249375312
P_leave_survey_66,2,0.03,0.05,1367,2.570411603646571,3.2778683670929385,0.03398300849575212,1.7546743971763836,3,0.06096951524237881
P_leave_survey_66,3,0.05,0.1,929,2.7460433594542364,3.506409789397068,0.02948525737131434,1.7250629575516467,1,0.054972513743128434
P_leave_survey_100,0,0.0,0.01,156,1.1397651073200996,1.1013278410653402,0.11894052973513243,1.0125280264882923,5,0.12393803098450774
P_leave_survey_100,1,0.01,0.03,1479,1.0852499565366753,1.0474586159189454,0.12293853073463268,1.040855342892501,5,0.12743628185907047
P_leave_survey_100,2,0.03,0.05,1367,1.0530737227220808,1.01603851315227,0.12443778110944528,1.0516530222127596,5,0.12893553223388307
P_leave_survey_100,3,0.05,0.1,929,1.070061545605072,1.033057223490597,0.12393803098450774,1.0307134609282365,5,0.12843578210894552
P_leave_survey_150,0,0.0,0.01,156,0.22607279524253887,-1.1189477442570337,0.3373313343328336,13.40239127505965,173,0.6431784107946027
P_leave_survey_150,1,0.01,0.03,1479,-0.5668270789839358,-1.1376529017330832,0.6891554222888556,94.08297098287883,173,0.9240379810094953
P_leave_survey_150,2,0.03,0.05,1367,-0.8829481482585673,-1.0457613785781392,0.7991004497751124,82.95456922571336,101,0.9695152423788106
P_leave_survey_150,3,0.05,0.1,929,-0.3669592080497649,-0.6077756111926188,0.6166916541729135,36.901902496838424,41,0.8695652173913043
