sn_block,uid_i,uid_j,survey_i,survey_j,released_common_difference,sigma_released_common_difference,local_refit_departure_difference,local_photometric_sigma_independent_proxy,raw_error_cross_survey_covariance,fit_i,fit_j
Pantheon:1998dh,P0073,P0074,57,62,0.101300000000002,0.1315618485732091,0.03376434822453069,0.008194667446252933,unreleased; sigma is a diagonal diagnostic only,ok,ok
Pantheon:1998ef,P0220,P0221,57,62,-0.05649999999999977,0.3045866215052788,-0.013296584990317196,0.00938006526158049,unreleased; sigma is a diagonal diagnostic only,ok,ok
Pantheon:1998es,P0105,P0106,62,57,-0.11359999999999823,0.3016700183975862,-0.0237530344159287,0.00929620023790555,unreleased; sigma is a diagonal diagnostic only,ok,ok
Pantheon:1999aa,P0205,P0206,57,62,0.033999999999998906,0.20522482793268462,-0.0199397973903301,0.004766678980398545,unreleased; sigma is a diagonal diagnostic only,ok,ok
Pantheon:1999ac,P0112,P0113,57,62,-0.04919999999999908,0.28336762341523775,-0.0265983294519491,0.005292386817243146,unreleased; sigma is a diagonal diagnostic only,ok,ok
Pantheon:1999cp,P0099,P0100,57,50,-0.1736000000000004,0.13860815271837368,-0.0084811154070763,0.00702170694726026,unreleased; sigma is a diagonal diagnostic only,ok,ok
Pantheon:1999dk,P0158,P0159,50,57,0.1402000000000001,0.24040923443162493,0.005764846367039601,0.009587880446438173,unreleased; sigma is a diagonal diagnostic only,ok,ok
Pantheon:1999dq,P0147,P0148,57,62,0.04830000000000462,0.13660406289711882,0.0365990406856891,0.004556507870346017,unreleased; sigma is a diagonal diagnostic only,ok,ok
Pantheon:1999ej,P0189,P0190,57,62,0.0469000000000008,0.27309948736678363,-0.0486729630013779,0.02074602797172795,unreleased; sigma is a diagonal diagnostic only,ok,ok
Pantheon:1999gp,P0409,P0410,62,57,-0.020400000000002208,0.16957452638884177,-0.0242527557430384,0.005007406736806414,unreleased; sigma is a diagonal diagnostic only,ok,ok
Pantheon:2000cn,P0328,P0329,57,62,0.0279999999999987,0.1780309523650312,-0.011172104707579497,0.009578276192624182,unreleased; sigma is a diagonal diagnostic only,ok,ok
Pantheon:2000dk,P0229,P0230,57,62,-0.008099999999998914,0.29668117567516816,0.0167619696989256,0.006653935993122043,unreleased; sigma is a diagonal diagnostic only,ok,ok
Pantheon:2000fa,P0319,P0320,57,62,-0.040700000000000985,0.18100566289483871,-0.009587535609144198,0.009437102450430876,unreleased; sigma is a diagonal diagnostic only,ok,ok
Pantheon:2001ah,P0675,P0676,63,57,-0.1657999999999972,0.22105718717110287,0.059538782140289404,0.04084018672399718,unreleased; sigma is a diagonal diagnostic only,local_fit_not_converged,ok
Pantheon:2001bf,P0201,P0202,57,63,0.09220000000000542,0.20970259893477716,-0.0359573619854571,0.007316803410371842,unreleased; sigma is a diagonal diagnostic only,ok,ok
Pantheon:2001da,P0226,P0227,57,63,-0.1783000000000002,0.2668123123096084,0.0532724298732294,0.021648487890155693,unreleased; sigma is a diagonal diagnostic only,ok,ok
Pantheon:2001eh,P0569,P0570,57,63,0.014000000000002913,0.10499090436794989,0.0019947156257356016,0.007389085734702965,unreleased; sigma is a diagonal diagnostic only,ok,ok
Pantheon:2001en,P0191,P0192,57,63,0.1142000000000038,0.32199569872903583,-0.026868248668770998,0.012434796117157676,unreleased; sigma is a diagonal diagnostic only,ok,ok
Pantheon:2001ep,P0141,P0142,57,63,0.1336999999999975,0.2574482278051259,0.039056070047567504,0.005435934471040255,unreleased; sigma is a diagonal diagnostic only,ok,ok
Pantheon:2001v,P0193,P0194,63,50,-0.017000000000003013,0.27980607570244076,0.019960893669973098,0.008577640528368503,unreleased; sigma is a diagonal diagnostic only,ok,ok
Pantheon:2002bf,P0392,P0393,63,50,0.037799999999997225,0.24725798268205618,0.27736885426311814,0.04111412191573408,unreleased; sigma is a diagonal diagnostic only,ok,ok
Pantheon:2002cr,P0101,P0102,57,63,-0.015999999999998293,0.12972162502836604,0.0011306247035701017,0.008058826088324098,unreleased; sigma is a diagonal diagnostic only,ok,ok
Pantheon:2002dj,P0103,P0104,57,63,0.035600000000002296,0.30136474578158606,0.0006436867315617045,0.008895587623205168,unreleased; sigma is a diagonal diagnostic only,ok,ok
Pantheon:2002dp,P0119,P0120,63,57,0.0874999999999985,0.12865002914885024,-0.0730012038438473,0.010799915273976416,unreleased; sigma is a diagonal diagnostic only,ok,ok
Pantheon:2002er,P0093,P0094,57,50,0.049199999999999106,0.3098767496925189,0.11997927504245168,0.005678160672013765,unreleased; sigma is a diagonal diagnostic only,ok,ok
Pantheon:2002fk,P0065,P0066,63,57,-0.021899999999995,0.0863043451976782,0.025977673951499802,0.0039885314173797246,unreleased; sigma is a diagonal diagnostic only,ok,ok
Pantheon:2002g,P0563,P0564,57,63,-0.1231000000000009,0.1661936821903889,0.016646402670859452,0.04116843139405329,unreleased; sigma is a diagonal diagnostic only,ok,ok
Pantheon:2002ha,P0136,P0137,57,63,-0.016600000000004,0.23003923578381147,0.0225887529251368,0.006489609327233615,unreleased; sigma is a diagonal diagnostic only,ok,ok
Pantheon:2002he,P0389,P0390,57,63,-0.0005999999999986017,0.13384401368757587,0.0206450070952513,0.015032152273010255,unreleased; sigma is a diagonal diagnostic only,ok,ok
Pantheon:2003du,P0067,P0068,57,63,0.051999999999999574,0.08461571957975658,-0.0231509522538999,0.007199433959031894,unreleased; sigma is a diagonal diagnostic only,ok,ok
Pantheon:2003du,P0067,P0069,57,50,0.025799999999996687,0.07941171198255331,0.0273071565252383,0.008803918964059736,unreleased; sigma is a diagonal diagnostic only,ok,ok
Pantheon:2003du,P0068,P0069,63,50,-0.026200000000002888,0.09479282673282828,0.0504581087791382,0.01020923643587918,unreleased; sigma is a diagonal diagnostic only,ok,ok
Pantheon:2003fa,P0592,P0593,57,63,-0.06510000000000099,0.11993473225050365,0.058893532837507395,0.007900478193325036,unreleased; sigma is a diagonal diagnostic only,ok,ok
Pantheon:2003w,P0285,P0286,57,63,0.039099999999997706,0.16312390995804385,0.0021140188727140977,0.00708286291645704,unreleased; sigma is a diagonal diagnostic only,ok,ok
Pantheon:2004as,P0522,P0523,57,63,-0.158300000000004,0.12174937371502163,-0.048445096757303296,0.013498345314475716,unreleased; sigma is a diagonal diagnostic only,ok,ok
Pantheon:2004bg,P0314,P0315,57,63,-0.09769999999999611,0.15159248002457115,0.0477632300949262,0.024000980940576296,unreleased; sigma is a diagonal diagnostic only,ok,ok
Pantheon:2004ef,P0468,P0469,57,5,0.0356999999999985,0.13422164505026749,-0.00033107073903880513,0.004823832237080745,unreleased; sigma is a diagonal diagnostic only,ok,ok
Pantheon:2004ef,P0468,P0470,57,64,0.0433999999999983,0.15850470024576557,0.2621557552400288,0.04115587249352461,unreleased; sigma is a diagonal diagnostic only,ok,local_fit_not_converged
Pantheon:2004ef,P0469,P0470,5,64,0.007699999999999804,0.14900063758252846,0.2624868259790676,0.04089567904543458,unreleased; sigma is a diagonal diagnostic only,ok,local_fit_not_converged
Pantheon:2005am,P0088,P0089,57,5,-0.02009999999999934,0.31619305811481696,-0.0820582904737271,0.004221834434670404,unreleased; sigma is a diagonal diagnostic only,ok,ok
Pantheon:2005am,P0088,P0090,57,64,0.0394000000000006,0.3135908959137685,-0.0726277623849489,0.007133892812166368,unreleased; sigma is a diagonal diagnostic only,ok,ok
Pantheon:2005am,P0089,P0090,5,64,0.05949999999999994,0.316021518254691,0.0094305280887782,0.006057608742540684,unreleased; sigma is a diagonal diagnostic only,ok,ok
Pantheon:2005bo,P0172,P0173,5,57,0.036400000000000376,0.21424717034304094,-0.042971180058958704,0.008606932947350862,unreleased; sigma is a diagonal diagnostic only,ok,ok
Pantheon:2005cf,P0062,P0063,57,56,-0.013400000000004297,0.13767171096488925,0.0537521663689665,0.01226805547456437,unreleased; sigma is a diagonal diagnostic only,ok,ok
Pantheon:2005cf,P0062,P0064,57,64,-0.0028000000000004965,0.09723677287939991,0.045967516423643905,0.003090823115934435,unreleased; sigma is a diagonal diagnostic only,ok,ok
Pantheon:2005cf,P0063,P0064,56,64,0.0106000000000038,0.12438388159243143,-0.007784649945322599,0.012239734182807705,unreleased; sigma is a diagonal diagnostic only,ok,ok
Pantheon:2005el,P0179,P0180,57,64,0.04789999999999851,0.20058432142119184,0.0213245611215252,0.004310636301108588,unreleased; sigma is a diagonal diagnostic only,ok,ok
Pantheon:2005eq,P0432,P0433,57,5,-0.05019999999999669,0.12060518230988253,0.007837201440045702,0.0051953448350942465,unreleased; sigma is a diagonal diagnostic only,ok,ok
Pantheon:2005eq,P0432,P0434,57,64,-0.051899999999996296,0.12316005846052526,0.006066948262289802,0.007202894384276283,unreleased; sigma is a diagonal diagnostic only,ok,ok
Pantheon:2005eq,P0433,P0434,5,64,-0.0016999999999996046,0.12232591712306923,-0.0017702531777558997,0.005819642239287646,unreleased; sigma is a diagonal diagnostic only,ok,ok
Pantheon:2005eu,P0546,P0547,57,64,-0.0026000000000009904,0.4716288901244282,0.06587917350452019,0.015906101934321876,unreleased; sigma is a diagonal diagnostic only,ok,ok
Pantheon:2005hc,P0620,P0621,64,5,-0.0504999999999996,0.11353417987548947,-0.008607813164777399,0.006734615625600687,unreleased; sigma is a diagonal diagnostic only,ok,ok
Pantheon:2005iq,P0528,P0529,64,5,0.013100000000001402,0.11432348840024084,-0.0181494276418042,0.010318945035091731,unreleased; sigma is a diagonal diagnostic only,ok,ok
Pantheon:2005kc,P0162,P0163,5,64,-0.006199999999999699,0.23667773448298848,0.049904533428103706,0.007804477244557603,unreleased; sigma is a diagonal diagnostic only,ok,ok
Pantheon:2005ki,P0276,P0277,64,5,0.005299999999998306,0.16002681025378218,-0.0057807834703328,0.00826003001759467,unreleased; sigma is a diagonal diagnostic only,ok,ok
Pantheon:2005ki,P0276,P0278,64,51,0.0778000000000034,0.1645861476552629,-0.009368613645880399,0.01558735978874661,unreleased; sigma is a diagonal diagnostic only,ok,ok
Pantheon:2005ki,P0277,P0278,5,51,0.07250000000000509,0.15613686304009058,-0.0035878301755475996,0.013465701253177628,unreleased; sigma is a diagonal diagnostic only,ok,ok
Pantheon:2005m,P0401,P0402,57,5,0.1850000000000022,0.1513901912278335,0.046096979905863505,0.004392751079823846,unreleased; sigma is a diagonal diagnostic only,ok,ok
Pantheon:2005m,P0401,P0403,57,64,0.4581000000000016,0.2587006184762611,-0.1750327726575325,0.026413216451931475,unreleased; sigma is a diagonal diagnostic only,ok,ok
Pantheon:2005m,P0402,P0403,5,64,0.2730999999999994,0.242693345603047,-0.221129752563396,0.02611195480249898,unreleased; sigma is a diagonal diagnostic only,ok,ok
Pantheon:2005mc,P0405,P0406,5,64,-0.0574000000000011,0.16587465146911384,-0.0790381912202099,0.008697379942568986,unreleased; sigma is a diagonal diagnostic only,ok,ok
Pantheon:2005na,P0422,P0423,5,64,-0.04079999999999731,0.12834765288075978,0.05433336933668839,0.01611435793248264,unreleased; sigma is a diagonal diagnostic only,ok,ok
Pantheon:2005na,P0422,P0424,5,57,0.0013000000000004674,0.13056726235929128,0.06558189900542019,0.00942843030812771,unreleased; sigma is a diagonal diagnostic only,ok,ok
Pantheon:2005na,P0423,P0424,64,57,0.04209999999999778,0.14071030523739192,0.0112485296687318,0.018477496309009207,unreleased; sigma is a diagonal diagnostic only,ok,ok
Pantheon:2006ac,P0363,P0364,57,64,0.034099999999995106,0.16905197425643984,-0.0342759285716165,0.020149352759153694,unreleased; sigma is a diagonal diagnostic only,ok,ok
Pantheon:2006ax,P0237,P0238,64,5,0.009500000000002798,0.1770151123492003,-0.025443927700703597,0.004074039715717401,unreleased; sigma is a diagonal diagnostic only,ok,ok
Pantheon:2006bt,P0494,P0495,57,5,0.029199999999995896,0.14105672617780407,0.011819935301751502,0.012368316690175898,unreleased; sigma is a diagonal diagnostic only,ok,ok
Pantheon:2006bt,P0494,P0496,57,64,-0.014700000000004793,0.13929619521006306,0.023642222524697803,0.01277991592748988,unreleased; sigma is a diagonal diagnostic only,ok,ok
Pantheon:2006bt,P0495,P0496,5,64,-0.04390000000000069,0.14162411517817156,0.011822287222946301,0.0051451927810675846,unreleased; sigma is a diagonal diagnostic only,ok,ok
Pantheon:2006cp,P0317,P0318,64,57,-0.08890000000000241,0.25012203021725216,-0.002496196526142601,0.011329872605817429,unreleased; sigma is a diagonal diagnostic only,ok,ok
Pantheon:2006d,P0095,P0096,57,5,-0.005900000000003999,0.07805395569732518,0.017773013424880003,0.006126487693111949,unreleased; sigma is a diagonal diagnostic only,ok,ok
Pantheon:2006d,P0095,P0097,57,64,-0.024500000000003297,0.07478729838682505,0.009042201534395902,0.0070621030595650735,unreleased; sigma is a diagonal diagnostic only,ok,ok
Pantheon:2006d,P0096,P0097,5,64,-0.018599999999999298,0.07636831803830697,-0.008730811890484101,0.004183962051547019,unreleased; sigma is a diagonal diagnostic only,ok,ok
Pantheon:2006dm,P0311,P0312,57,56,-0.017499999999998295,0.20041926055147494,0.0087003469065242,0.016877330533725598,unreleased; sigma is a diagonal diagnostic only,ok,ok
Pantheon:2006ej,P0269,P0270,57,56,0.09830000000000189,0.23166648441239834,0.0405921408816163,0.01997852255224075,unreleased; sigma is a diagonal diagnostic only,ok,ok
Pantheon:2006ej,P0269,P0271,57,5,0.023499999999998605,0.16216741349605354,0.0239352512880316,0.010283912692722226,unreleased; sigma is a diagonal diagnostic only,ok,ok
Pantheon:2006ej,P0269,P0272,57,64,-0.0487000000000037,0.1596342068605598,0.057868466582197596,0.01315417250593612,unreleased; sigma is a diagonal diagnostic only,ok,ok
Pantheon:2006ej,P0270,P0271,56,5,-0.07480000000000328,0.2347552129346652,-0.0166568895935847,0.019458852669025417,unreleased; sigma is a diagonal diagnostic only,ok,ok
Pantheon:2006ej,P0270,P0272,56,64,-0.14700000000000557,0.2303129175708562,0.017276325700581296,0.021116826021900875,unreleased; sigma is a diagonal diagnostic only,ok,ok
Pantheon:2006ej,P0271,P0272,5,64,-0.0722000000000023,0.16175002318392417,0.033933215294166,0.012350620961731888,unreleased; sigma is a diagonal diagnostic only,ok,ok
Pantheon:2006en,P0503,P0504,57,64,-0.0373000000000019,0.1360909254873373,0.009890745620709698,0.02241974870358788,unreleased; sigma is a diagonal diagnostic only,ok,ok
Pantheon:2006et,P0302,P0303,64,5,-0.015900000000001996,0.1732731946955443,-0.0028380566632339975,0.013374960286291534,unreleased; sigma is a diagonal diagnostic only,ok,ok
Pantheon:2006gr,P0536,P0537,57,64,-0.0190000000000055,0.12074878881380136,0.0025098638378825977,0.010559683992566881,unreleased; sigma is a diagonal diagnostic only,ok,ok
Pantheon:2006kf,P0259,P0260,5,64,-0.0337999999999993,0.16578232716426683,0.0532328604523144,0.008979567725859217,unreleased; sigma is a diagonal diagnostic only,ok,ok
Pantheon:2006ob,P0672,P0673,5,64,0.049700000000001396,0.11059281170130363,-0.0166857360466742,0.010218423389743731,unreleased; sigma is a diagonal diagnostic only,ok,ok
Pantheon:2006ot,P0656,P0657,5,64,0.3245999999999966,0.17944820979881632,0.25012653587527467,0.03317605082694454,unreleased; sigma is a diagonal diagnostic only,ok,local_fit_not_converged
Pantheon:2007a,P0217,P0218,5,65,-0.06920000000000212,0.12252893535814312,-0.049358632715138295,0.02141495240944357,unreleased; sigma is a diagonal diagnostic only,ok,ok
Pantheon:2007af,P0043,P0044,57,56,0.0643999999999991,0.1401044610281914,0.038912717452452394,0.00629308295956978,unreleased; sigma is a diagonal diagnostic only,ok,ok
Pantheon:2007af,P0043,P0045,57,5,-0.033200000000000805,0.08297047667694817,-0.0351193607504392,0.003622721243187737,unreleased; sigma is a diagonal diagnostic only,ok,ok
Pantheon:2007af,P0043,P0046,57,64,0.0329999999999942,0.1070563870117052,0.024876153296889594,0.004219644773235354,unreleased; sigma is a diagonal diagnostic only,ok,ok
Pantheon:2007af,P0044,P0045,56,5,-0.09759999999999991,0.1486170245967803,-0.0740320782028916,0.005832482966246567,unreleased; sigma is a diagonal diagnostic only,ok,ok
Pantheon:2007af,P0044,P0046,56,64,-0.031400000000004896,0.12501123949469506,-0.0140365641555628,0.006220864116664588,unreleased; sigma is a diagonal diagnostic only,ok,ok
Pantheon:2007af,P0045,P0046,5,64,0.06619999999999501,0.11334818040003994,0.05999551404732879,0.0034957640692445564,unreleased; sigma is a diagonal diagnostic only,ok,ok
Pantheon:2007ai,P0510,P0511,5,64,-0.0015000000000000013,0.15784780644658952,0.00425888375438771,0.014434488730095231,unreleased; sigma is a diagonal diagnostic only,ok,ok
Pantheon:2007bc,P0294,P0295,57,5,0.0217000000000028,0.17751715410066715,-0.0153902009282407,0.005087876688498498,unreleased; sigma is a diagonal diagnostic only,ok,ok
Pantheon:2007bc,P0294,P0296,57,64,0.014200000000002502,0.1822974492416172,-0.0477577994981398,0.010830314484843718,unreleased; sigma is a diagonal diagnostic only,ok,ok
Pantheon:2007bc,P0295,P0296,5,64,-0.007500000000000298,0.15476898914188203,-0.0323675985698991,0.009958965207216548,unreleased; sigma is a diagonal diagnostic only,ok,ok
Pantheon:2007bd,P0491,P0492,51,5,-0.0836000000000042,0.13631309548242238,-0.0183279952228642,0.022185511084941968,unreleased; sigma is a diagonal diagnostic only,ok,ok
Pantheon:2007bd,P0491,P0493,51,64,0.011600000000001304,0.1349096734856326,-0.0037329036212206995,0.022407858773565183,unreleased; sigma is a diagonal diagnostic only,ok,ok
Pantheon:2007bd,P0492,P0493,5,64,0.0952000000000055,0.12236796966526821,0.0145950916016435,0.00514609541693407,unreleased; sigma is a diagonal diagnostic only,ok,ok
Pantheon:2007ca,P0164,P0165,57,5,0.1584999999999965,0.22654880268939853,0.037794954844278895,0.010503376519923698,unreleased; sigma is a diagonal diagnostic only,ok,ok
Pantheon:2007ca,P0164,P0166,57,64,0.08459999999999468,0.22606324336344466,0.02849051037084859,0.012000232304450823,unreleased; sigma is a diagonal diagnostic only,ok,ok
Pantheon:2007ca,P0165,P0166,5,64,-0.07390000000000183,0.21351859403808376,-0.009304444473430304,0.006307668329365048,unreleased; sigma is a diagonal diagnostic only,ok,ok
Pantheon:2007ci,P0336,P0337,57,64,0.21769999999999357,0.29085030513994653,0.0145564944979131,0.010785015848853215,unreleased; sigma is a diagonal diagnostic only,ok,ok
Pantheon:2007co,P0416,P0417,57,56,0.23189999999999597,0.22392049928490246,0.0017205897248680005,0.02126841228373951,unreleased; sigma is a diagonal diagnostic only,ok,ok
Pantheon:2007co,P0416,P0418,57,64,0.11670000000000158,0.14860767140359882,-0.0949180370469566,0.006140894353078641,unreleased; sigma is a diagonal diagnostic only,ok,ok
Pantheon:2007co,P0417,P0418,56,64,-0.11519999999999439,0.2047588581722412,-0.09663862677182461,0.021175185080555287,unreleased; sigma is a diagonal diagnostic only,ok,ok
Pantheon:2007cq,P0380,P0381,56,64,-0.011299999999998533,0.1931634541004069,-0.0605319268128543,0.018551259431403046,unreleased; sigma is a diagonal diagnostic only,ok,ok
Pantheon:2007cq,P0380,P0383,56,57,-0.17210000000000042,0.19287397439779166,-0.05100899455636959,0.018029205779757328,unreleased; sigma is a diagonal diagnostic only,ok,ok
Pantheon:2007cq,P0381,P0383,64,57,-0.16080000000000189,0.13731565824770312,0.009522932256484706,0.008572333521396051,unreleased; sigma is a diagonal diagnostic only,ok,ok
Pantheon:2007f,P0359,P0360,51,64,-0.1418999999999997,0.15402509535786693,-0.0147368374613581,0.010982695642974924,unreleased; sigma is a diagonal diagnostic only,ok,ok
Pantheon:2007fb,P0231,P0232,51,65,-0.1092000000000013,0.23015238430222704,-0.032627860788203,0.022155792491594526,unreleased; sigma is a diagonal diagnostic only,ok,ok
Pantheon:2007hj,P0149,P0150,57,5,-0.016399999999997306,0.2245715698836342,0.1676606184255447,0.006296046054389987,unreleased; sigma is a diagonal diagnostic only,ok,ok
Pantheon:2007hj,P0149,P0151,57,65,0.04350000000000159,0.22559957890031623,0.021527813224009706,0.009223105728514976,unreleased; sigma is a diagonal diagnostic only,ok,ok
Pantheon:2007hj,P0150,P0151,5,65,0.0598999999999989,0.22537488768716005,-0.146132805201535,0.007368259828692849,unreleased; sigma is a diagonal diagnostic only,ok,ok
Pantheon:2007jg,P0574,P0575,51,5,0.11480000000000251,0.1362749059805216,-0.0858015711549465,0.0339366302133244,unreleased; sigma is a diagonal diagnostic only,ok,ok
Pantheon:2007kk,P0604,P0605,51,65,0.045000000000001705,0.1590844744153244,-0.1267898334218002,0.018216083238895148,unreleased; sigma is a diagonal diagnostic only,ok,ok
Pantheon:2007le,P0047,P0048,57,5,-0.008899999999997008,0.41796879070093257,-0.027451314672769903,0.004778264035134239,unreleased; sigma is a diagonal diagnostic only,ok,ok
Pantheon:2007le,P0047,P0049,57,65,0.055100000000002994,0.417434330164638,-0.007857699388577399,0.006844957285781524,unreleased; sigma is a diagonal diagnostic only,ok,ok
Pantheon:2007le,P0048,P0049,5,65,0.064,0.4199770827080926,0.019593615284192505,0.005554056580661829,unreleased; sigma is a diagonal diagnostic only,ok,ok
Pantheon:2007nq,P0609,P0610,5,65,-0.07450000000000048,0.1723926332532803,0.0178145872262108,0.025955234646202096,unreleased; sigma is a diagonal diagnostic only,ok,ok
Pantheon:2007o,P0579,P0580,57,64,0.032099999999999795,0.11908261837900609,0.10406501088811,0.02248866821060833,unreleased; sigma is a diagonal diagnostic only,ok,ok
Pantheon:2007on,P0023,P0026,5,56,-0.11100000000000071,0.424461270318035,-0.0114444757127687,0.009111917416271605,unreleased; sigma is a diagonal diagnostic only,ok,ok
Pantheon:2007qe,P0346,P0347,57,64,0.08970000000000061,0.17809696796969904,0.008118074189708498,0.008907267247515198,unreleased; sigma is a diagonal diagnostic only,ok,ok
Pantheon:2007sr,P0033,P0034,57,64,0.05069999999999908,0.09811630853227207,-0.0189947351012101,0.011432729600843749,unreleased; sigma is a diagonal diagnostic only,ok,ok
Pantheon:2007ux,P0512,P0513,5,65,0.21520000000000278,0.1847437414366181,-0.1612151322778464,0.02064955023458267,unreleased; sigma is a diagonal diagnostic only,ok,ok
Pantheon:2008ar,P0439,P0440,57,5,0.1454999999999985,0.13223010247292408,-0.0304469342856152,0.009779198404985942,unreleased; sigma is a diagonal diagnostic only,ok,ok
Pantheon:2008ar,P0439,P0441,57,65,0.0777999999999964,0.13197958175414864,-0.0047704745101072015,0.011427399581643929,unreleased; sigma is a diagonal diagnostic only,ok,ok
Pantheon:2008ar,P0440,P0441,5,65,-0.06770000000000209,0.12736117932871066,0.025676459775508,0.007381472968536325,unreleased; sigma is a diagonal diagnostic only,ok,ok
Pantheon:2008bf,P0371,P0372,57,5,0.053999999999994996,0.2357871073659457,-0.034509753388861,0.006361287447972487,unreleased; sigma is a diagonal diagnostic only,ok,ok
Pantheon:2008bf,P0371,P0373,57,64,0.21629999999999688,0.24249736081038079,-0.019485692440364702,0.009093539755033837,unreleased; sigma is a diagonal diagnostic only,ok,ok
Pantheon:2008bf,P0372,P0373,5,64,0.1623000000000019,0.24091764152921635,0.015024060948496301,0.007015287799376808,unreleased; sigma is a diagonal diagnostic only,ok,ok
Pantheon:2008bz,P0679,P0680,5,65,-0.0294000000000025,0.11324491158546594,0.012393159636739575,0.037586117228343985,unreleased; sigma is a diagonal diagnostic only,ok,ok
Pantheon:2008c,P0234,P0235,5,65,0.043100000000002595,0.18099411592645767,0.0370260354982681,0.018547830396707217,unreleased; sigma is a diagonal diagnostic only,ok,ok
Pantheon:2008cf,P0629,P0630,5,65,-0.007100000000001203,0.12345602455935474,-0.0355808661223032,0.012461471276002382,unreleased; sigma is a diagonal diagnostic only,ok,ok
Pantheon:2008ec,P0195,P0196,57,56,0.042999999999999206,0.24007627954464805,0.069035871610205,0.018586203244682874,unreleased; sigma is a diagonal diagnostic only,ok,ok
Pantheon:2008gg,P0486,P0487,51,5,0.12910000000000119,0.15728242114107985,-0.0800824739722443,0.022331030415885744,unreleased; sigma is a diagonal diagnostic only,ok,ok
Pantheon:2008gl,P0515,P0516,65,51,0.0272000000000006,0.12628990458465,0.0091817989363174,0.01665761891563762,unreleased; sigma is a diagonal diagnostic only,ok,ok
Pantheon:2008gl,P0515,P0517,65,5,0.02070000000000509,0.1313290904559991,-0.002122718763690001,0.009142269193279992,unreleased; sigma is a diagonal diagnostic only,ok,ok
Pantheon:2008gl,P0516,P0517,51,5,-0.006499999999995509,0.11781073805048503,-0.0113045177000074,0.01411290701015959,unreleased; sigma is a diagonal diagnostic only,ok,ok
Pantheon:2008go,P0682,P0683,51,5,-0.008299999999998392,0.1443965027277323,-0.037154670707437804,0.02239630893075731,unreleased; sigma is a diagonal diagnostic only,ok,ok
Pantheon:2008gp,P0525,P0526,5,51,-0.0625,0.12363421856427938,0.12432262934419959,0.019186795622868433,unreleased; sigma is a diagonal diagnostic only,ok,ok
Pantheon:2008hj,P0560,P0561,5,65,0.044599999999995504,0.12641720610739662,0.0442168413907668,0.01808143396403108,unreleased; sigma is a diagonal diagnostic only,ok,ok
Pantheon:2008hs,P0261,P0262,56,65,0.017599999999994495,0.5749548504013162,0.0683492556336589,0.021407709746214906,unreleased; sigma is a diagonal diagnostic only,ok,ok
Pantheon:2008hv,P0152,P0153,56,5,0.02869999999999351,0.23811493023328043,0.0327396116627564,0.010714393174219631,unreleased; sigma is a diagonal diagnostic only,ok,ok
Pantheon:2008hv,P0152,P0154,56,65,0.024999999999998607,0.23696126265700054,0.0374878889472586,0.012621531484532595,unreleased; sigma is a diagonal diagnostic only,ok,ok
Pantheon:2008hv,P0153,P0154,5,65,-0.003699999999994902,0.2123167445115905,0.004748277284502198,0.007134997536855237,unreleased; sigma is a diagonal diagnostic only,ok,ok
Pantheon:2008l,P0241,P0242,57,64,0.08999999999999629,0.18702077424714078,-0.022757380548917405,0.01764978054924005,unreleased; sigma is a diagonal diagnostic only,ok,ok
Pantheon:2008q,P0070,P0071,57,56,0.03140000000000498,0.37262126885082664,0.0697054513204188,0.013765150425312562,unreleased; sigma is a diagonal diagnostic only,ok,ok
Pantheon:2008y,P0698,P0699,51,65,0.01859999999999931,0.17091638306493617,-0.0453320067277351,0.0970850477757906,unreleased; sigma is a diagonal diagnostic only,ok,ok
Pantheon:2008z,P0292,P0293,57,65,-0.0875999999999948,0.16850471803483721,-0.045932685023164097,0.011949413765350915,unreleased; sigma is a diagonal diagnostic only,ok,ok
Pantheon:2009ad,P0436,P0437,65,5,0.029899999999997803,0.12735850972746188,0.06336092278393861,0.008256586065484227,unreleased; sigma is a diagonal diagnostic only,ok,ok
Pantheon:2009al,P0338,P0339,51,5,-0.022999999999996197,0.19456582433716357,0.0094312648810643,0.024302635801908598,unreleased; sigma is a diagonal diagnostic only,ok,ok
Pantheon:2009al,P0338,P0340,51,65,0.006800000000005399,0.19719847869595747,0.0377756067714669,0.0266448503178934,unreleased; sigma is a diagonal diagnostic only,ok,ok
Pantheon:2009al,P0339,P0340,5,65,0.029800000000001596,0.15150537944244752,0.0283443418904026,0.012140175948906203,unreleased; sigma is a diagonal diagnostic only,ok,ok
Pantheon:2009an,P0114,P0115,51,65,0.1125000000000042,0.27130398080382084,0.0005076878108894998,0.05693996052938235,unreleased; sigma is a diagonal diagnostic only,ok,ok
Pantheon:2009cz,P0341,P0342,56,5,0.0,0.20137306175355232,0.0008407785900350004,0.01717603356380375,unreleased; sigma is a diagonal diagnostic only,ok,ok
Pantheon:2009d,P0367,P0368,5,51,-0.06659999999999398,0.16115777983082294,0.0690878716161865,0.03936933684127975,unreleased; sigma is a diagonal diagnostic only,ok,ok
Pantheon:2009d,P0367,P0369,5,65,0.058700000000001806,0.1655225362299648,0.0577236834830126,0.01438008538766883,unreleased; sigma is a diagonal diagnostic only,ok,ok
Pantheon:2009d,P0368,P0369,51,65,0.1252999999999958,0.13756125908118172,-0.0113641881331739,0.04188003815005161,unreleased; sigma is a diagonal diagnostic only,ok,ok
Pantheon:2009ds,P0267,P0268,5,65,-0.1948000000000008,0.19611274818328361,0.0161761374239517,0.02098077830977914,unreleased; sigma is a diagonal diagnostic only,ok,ok
Pantheon:2009fv,P0483,P0484,51,65,0.06859999999999639,0.37031899762232023,-0.3217855483591916,0.025800224262385776,unreleased; sigma is a diagonal diagnostic only,ok,ok
Pantheon:2009gf,P0251,P0252,65,56,-0.08400000000000299,0.23477295414932275,-0.006588877506340799,0.022631839543124525,unreleased; sigma is a diagonal diagnostic only,ok,ok
Pantheon:2009ig,P0076,P0077,56,51,-0.3723000000000027,0.21027189541163127,-0.0356883523565964,0.013736495969376268,unreleased; sigma is a diagonal diagnostic only,ok,ok
Pantheon:2009ig,P0076,P0078,56,66,-0.2995999999999981,0.10325962424878372,-0.0240371034199013,0.01510168460201203,unreleased; sigma is a diagonal diagnostic only,ok,ok
Pantheon:2009ig,P0077,P0078,51,66,0.0727000000000046,0.2107994307392693,0.0116512489366951,0.013256530734512627,unreleased; sigma is a diagonal diagnostic only,ok,ok
Pantheon:2009kq,P0138,P0139,51,66,0.06960000000000119,0.23145727467504668,-0.0567245461670654,0.01719093137504695,unreleased; sigma is a diagonal diagnostic only,ok,ok
Pantheon:2009le,P0243,P0244,5,66,0.052100000000002894,0.19691452460395098,-0.038332487619510705,0.010606216635392811,unreleased; sigma is a diagonal diagnostic only,ok,ok
Pantheon:2009y,P0108,P0109,56,5,-0.10010000000000474,0.16849910978993332,-0.0204614306919596,0.014867003952606516,unreleased; sigma is a diagonal diagnostic only,ok,ok
Pantheon:2009y,P0108,P0110,56,65,-0.25580000000000075,0.20636302963467074,-0.0152332594614538,0.01749919880945706,unreleased; sigma is a diagonal diagnostic only,ok,ok
Pantheon:2009y,P0109,P0110,5,65,-0.155699999999996,0.15132240415748094,0.0052281712305057996,0.009403974466038491,unreleased; sigma is a diagonal diagnostic only,ok,ok
Pantheon:2011fe,P0000,P0001,51,56,-0.057200000000001694,0.2341554611791064,-0.011858776490403192,0.006615293494158134,unreleased; sigma is a diagonal diagnostic only,ok,ok
Pantheon:2011fs,P0256,P0257,51,56,0.0599999999999952,0.2751638602723839,0.0202400036485311,0.03009344409881212,unreleased; sigma is a diagonal diagnostic only,ok,ok
Pantheon:2012cg,P0002,P0003,51,56,-0.02160000000000295,0.1598313798976909,0.10414978781241009,0.0067254592851215085,unreleased; sigma is a diagonal diagnostic only,ok,ok
Pantheon:2012fr,P0022,P0024,56,5,-0.09030000000000271,0.5628110251229981,-0.0583924565317047,0.011753510491403699,unreleased; sigma is a diagonal diagnostic only,ok,ok
Pantheon:2012ht,P0019,P0020,56,5,-0.10210000000000014,0.13812744115489867,0.006771524805455703,0.009636148515753378,unreleased; sigma is a diagonal diagnostic only,ok,ok
Pantheon:2013aa,P0006,P0007,56,5,-0.0924000000000014,0.14985015849174133,-0.018467443866305302,0.010528665233471764,unreleased; sigma is a diagonal diagnostic only,ok,ok
Pantheon:2013dy,P0017,P0018,51,56,-0.062100000000000904,0.13027862449381328,0.0442530640763004,0.009391588912177286,unreleased; sigma is a diagonal diagnostic only,ok,ok
Pantheon:2013ex,P0128,P0129,51,56,-0.0611000000000032,0.28250670788496335,0.009346456249304996,0.020875373532147745,unreleased; sigma is a diagonal diagnostic only,ok,ok
Pantheon:2013gh,P0082,P0083,51,56,-0.1711999999999989,0.37035443834251536,0.029181733768563603,0.021127063237527197,unreleased; sigma is a diagonal diagnostic only,ok,ok
Pantheon:2013gy,P0143,P0144,51,56,-0.025199999999998002,0.24801526162718296,-0.0761098761456739,0.01343356407605505,unreleased; sigma is a diagonal diagnostic only,ok,ok
Pantheon:2015f,P0027,P0028,56,5,-0.09170000000000302,0.18086417555723963,-0.2874328395671938,0.011089548683076031,unreleased; sigma is a diagonal diagnostic only,ok,ok
Pantheon:2016coj,P0031,P0032,51,150,0.013200000000001197,0.4751757464349375,-0.017835953628002398,0.003858975835801482,unreleased; sigma is a diagonal diagnostic only,ok,ok
Pantheon:2016fbk,P0552,P0553,51,150,-0.1953999999999993,0.2240100667380821,-0.102272613016717,0.01619700114066503,unreleased; sigma is a diagonal diagnostic only,ok,ok
Pantheon:2017cbv,P0008,P0009,5,18,-0.10940000000000083,0.10472024637098597,0.12113450318752171,0.008474245297998347,unreleased; sigma is a diagonal diagnostic only,ok,ok
Pantheon:2017cfd,P0145,P0146,150,51,0.007899999999999324,0.2877748599165674,-0.008156088316682299,0.006559890806682414,unreleased; sigma is a diagonal diagnostic only,ok,ok
Pantheon:2017erp,P0058,P0059,51,150,0.022199999999998,0.1438919038723166,0.024860204282230403,0.0031156049473104468,unreleased; sigma is a diagonal diagnostic only,ok,ok
Pantheon:2017erp,P0058,P0060,51,18,-0.009700000000002304,0.10954679365458396,-0.006462293952075995,0.012349359505414357,unreleased; sigma is a diagonal diagnostic only,ok,ok
Pantheon:2017erp,P0059,P0060,150,18,-0.0319000000000003,0.12202753787567787,-0.0313224982343064,0.01233221329017224,unreleased; sigma is a diagonal diagnostic only,ok,ok
Pantheon:2018gv,P0038,P0039,18,51,-0.1262000000000007,0.0904781741637175,0.059369724856110404,0.011798089151631271,unreleased; sigma is a diagonal diagnostic only,ok,ok
Pantheon:2018gv,P0038,P0040,18,150,0.0302000000000007,0.07307605627016281,-0.060231996897143,0.01148970471226167,unreleased; sigma is a diagonal diagnostic only,ok,ok
Pantheon:2018gv,P0039,P0040,51,150,0.1564000000000014,0.09336974884832881,-0.1196017217532534,0.003039989401483206,unreleased; sigma is a diagonal diagnostic only,ok,ok
Pantheon:2019np,P0052,P0053,18,150,0.027000000000001023,0.09237418470546845,0.0093742902479488,0.007536247096911248,unreleased; sigma is a diagonal diagnostic only,ok,ok
Pantheon:iptf13ebh,P0125,P0126,56,5,0.09680000000000183,0.2843211740268389,-0.00023905682961949948,0.014366712824907478,unreleased; sigma is a diagonal diagnostic only,ok,ok
